plate,well-row,well-column,id_mixture,id_chemical         ,compound common name,SMILES,cherry_testname     ,cherry-error-code     ,cherry-initial-fluorescence,cherry-final-fluorescence,cherry-lagtime2,cherry-doubletime  ,sapphire_testname  ,sapphire-error-code  ,sapphire-initial-fluorescence,sapphire-final-fluorescence,sapphire-lagtime2,sapphire-doubletime,venus_testname     ,venus-error-code    ,venus-initial-fluorescence,venus-final-fluorescence,venus-lagtime2   ,venus-doubletime   ,plate layout,study,volume,concentration
3443,C,1,201000000000,20484,"CONGO-RED, Congo Red",Nc1c(cc(c2ccccc12)S(O)(=O)=O)N=Nc1ccc(cc1)-c1ccc(cc1)N=Nc1cc(c2ccccc2c1N)S(O)(=O)=O,CHERRY580X384,0,2982,24182,0,1.84902,SAPPHIRE405X384,0,6088,80769,0,2.44655,VENUS500X384,0,1729,4805,0,8.13869,1993,1435,5,1
3443,C,2,201000000000,20484,"CONGO-RED, Congo Red",Nc1c(cc(c2ccccc12)S(O)(=O)=O)N=Nc1ccc(cc1)-c1ccc(cc1)N=Nc1cc(c2ccccc2c1N)S(O)(=O)=O,CHERRY580X384,0,2868,23618,0,2.07742,SAPPHIRE405X384,0,6000,77700,0,2.47232,VENUS500X384,0,1836,4805.5,0.969118,7.70001,1993,1435,12.5,2.5
3443,C,3,201000000000,20484,"CONGO-RED, Congo Red",Nc1c(cc(c2ccccc12)S(O)(=O)=O)N=Nc1ccc(cc1)-c1ccc(cc1)N=Nc1cc(c2ccccc2c1N)S(O)(=O)=O,CHERRY580X384,0,3034,24044,0,1.94133,SAPPHIRE405X384,0,5951,76780,0,2.62518,VENUS500X384,0,1810,4773.5,0.836308,7.87277,1993,1435,25,5
3443,C,4,201000000000,20484,"CONGO-RED, Congo Red",Nc1c(cc(c2ccccc12)S(O)(=O)=O)N=Nc1ccc(cc1)-c1ccc(cc1)N=Nc1cc(c2ccccc2c1N)S(O)(=O)=O,CHERRY580X384,0,2549,23470,0,1.94728,SAPPHIRE405X384,0,5744,75585,0,2.59405,VENUS500X384,0,1796,4701.5,0.828481,8.11453,1993,1435,50,10
3443,C,24,201000000000,20484,"CONGO-RED, Congo Red",Nc1c(cc(c2ccccc12)S(O)(=O)=O)N=Nc1ccc(cc1)-c1ccc(cc1)N=Nc1cc(c2ccccc2c1N)S(O)(=O)=O,CHERRY580X384,0,3173,24175,0,1.86728,SAPPHIRE405X384,0,5952,77907.5,0,2.44331,VENUS500X384,0,1833,4802,0.824468,7.74568,1993,1435,2.5,0.5
3443,G,20,201000000000,20484,"CONGO-RED, Congo Red",Nc1c(cc(c2ccccc12)S(O)(=O)=O)N=Nc1ccc(cc1)-c1ccc(cc1)N=Nc1cc(c2ccccc2c1N)S(O)(=O)=O,CHERRY580X384,0,2772,22436.5,0,1.72854,SAPPHIRE405X384,0,5992,75409.5,0,2.47051,VENUS500X384,0,1837,4837.5,1.08199,7.32324,1993,1435,2.5,0.5
3443,G,21,201000000000,20484,"CONGO-RED, Congo Red",Nc1c(cc(c2ccccc12)S(O)(=O)=O)N=Nc1ccc(cc1)-c1ccc(cc1)N=Nc1cc(c2ccccc2c1N)S(O)(=O)=O,CHERRY580X384,0,2848,23444,0,2.0144,SAPPHIRE405X384,0,6115,75874,0,2.45461,VENUS500X384,0,1856,4910,0,8.58608,1993,1435,5,1
3443,G,22,201000000000,20484,"CONGO-RED, Congo Red",Nc1c(cc(c2ccccc12)S(O)(=O)=O)N=Nc1ccc(cc1)-c1ccc(cc1)N=Nc1cc(c2ccccc2c1N)S(O)(=O)=O,CHERRY580X384,0,2776,22716,0,1.75647,SAPPHIRE405X384,0,6056,76167.5,0,2.44196,VENUS500X384,0,1845,4834,0,8.61647,1993,1435,12.5,2.5
3443,G,23,201000000000,20484,"CONGO-RED, Congo Red",Nc1c(cc(c2ccccc12)S(O)(=O)=O)N=Nc1ccc(cc1)-c1ccc(cc1)N=Nc1cc(c2ccccc2c1N)S(O)(=O)=O,CHERRY580X384,0,2991,23188,0,1.91188,SAPPHIRE405X384,0,6180,77778,0,2.47688,VENUS500X384,0,1923,5013,0.875934,7.82909,1993,1435,25,5
3443,G,24,201000000000,20484,"CONGO-RED, Congo Red",Nc1c(cc(c2ccccc12)S(O)(=O)=O)N=Nc1ccc(cc1)-c1ccc(cc1)N=Nc1cc(c2ccccc2c1N)S(O)(=O)=O,CHERRY580X384,0,3212,23378,0,2.04659,SAPPHIRE405X384,0,6241,80715,0,2.45227,VENUS500X384,0,1892,4931,1.15225,7.35298,1993,1435,50,10
3443,K,16,201000000000,20484,"CONGO-RED, Congo Red",Nc1c(cc(c2ccccc12)S(O)(=O)=O)N=Nc1ccc(cc1)-c1ccc(cc1)N=Nc1cc(c2ccccc2c1N)S(O)(=O)=O,CHERRY580X384,0,2528,21500,0,1.9815,SAPPHIRE405X384,0,5536,71867.5,0,2.4138,VENUS500X384,0,1717,4547,0.966853,7.52194,1993,1435,2.5,0.5
3443,K,17,201000000000,20484,"CONGO-RED, Congo Red",Nc1c(cc(c2ccccc12)S(O)(=O)=O)N=Nc1ccc(cc1)-c1ccc(cc1)N=Nc1cc(c2ccccc2c1N)S(O)(=O)=O,CHERRY580X384,0,2544,21996,0,1.54238,SAPPHIRE405X384,0,5652,73272.5,0,2.44066,VENUS500X384,0,1630,4482,0.946049,6.85144,1993,1435,5,1
3443,K,18,201000000000,20484,"CONGO-RED, Congo Red",Nc1c(cc(c2ccccc12)S(O)(=O)=O)N=Nc1ccc(cc1)-c1ccc(cc1)N=Nc1cc(c2ccccc2c1N)S(O)(=O)=O,CHERRY580X384,0,2729,22295,0,1.78553,SAPPHIRE405X384,0,5740,73774,0,2.38322,VENUS500X384,0,1685,4673,0.442769,7.96462,1993,1435,12.5,2.5
3443,K,19,201000000000,20484,"CONGO-RED, Congo Red",Nc1c(cc(c2ccccc12)S(O)(=O)=O)N=Nc1ccc(cc1)-c1ccc(cc1)N=Nc1cc(c2ccccc2c1N)S(O)(=O)=O,CHERRY580X384,0,2881,22363,0,1.78692,SAPPHIRE405X384,0,5748,71713,0,2.44167,VENUS500X384,0,1740,4596,0.722223,7.40634,1993,1435,25,5
3443,K,20,201000000000,20484,"CONGO-RED, Congo Red",Nc1c(cc(c2ccccc12)S(O)(=O)=O)N=Nc1ccc(cc1)-c1ccc(cc1)N=Nc1cc(c2ccccc2c1N)S(O)(=O)=O,CHERRY580X384,0,2854,20862.5,0,1.82637,SAPPHIRE405X384,0,5890,73044,0,2.63402,VENUS500X384,0,1822,4712.5,0.904906,8.17359,1993,1435,50,10
3443,O,12,201000000000,20484,"CONGO-RED, Congo Red",Nc1c(cc(c2ccccc12)S(O)(=O)=O)N=Nc1ccc(cc1)-c1ccc(cc1)N=Nc1cc(c2ccccc2c1N)S(O)(=O)=O,CHERRY580X384,0,2725,24375.5,0,1.9835,SAPPHIRE405X384,0,5770,76836,0,2.44287,VENUS500X384,0,1683,4569.5,0.594931,7.60123,1993,1435,2.5,0.5
3443,O,13,201000000000,20484,"CONGO-RED, Congo Red",Nc1c(cc(c2ccccc12)S(O)(=O)=O)N=Nc1ccc(cc1)-c1ccc(cc1)N=Nc1cc(c2ccccc2c1N)S(O)(=O)=O,CHERRY580X384,0,2706,23758.5,0,1.76744,SAPPHIRE405X384,0,5812,76377,0,2.44163,VENUS500X384,0,1733,4527.5,0.68731,7.82522,1993,1435,5,1
3443,O,14,201000000000,20484,"CONGO-RED, Congo Red",Nc1c(cc(c2ccccc12)S(O)(=O)=O)N=Nc1ccc(cc1)-c1ccc(cc1)N=Nc1cc(c2ccccc2c1N)S(O)(=O)=O,CHERRY580X384,0,2389,24229,0,1.88009,SAPPHIRE405X384,0,5658,76226,0,2.43121,VENUS500X384,0,1732,4501,0.94586,7.55415,1993,1435,12.5,2.5
3443,O,15,201000000000,20484,"CONGO-RED, Congo Red",Nc1c(cc(c2ccccc12)S(O)(=O)=O)N=Nc1ccc(cc1)-c1ccc(cc1)N=Nc1cc(c2ccccc2c1N)S(O)(=O)=O,CHERRY580X384,0,2617,23707,0,1.75537,SAPPHIRE405X384,0,5704,76250.5,0,2.41616,VENUS500X384,0,1699,4549,0,8.1062,1993,1435,25,5
3443,O,16,201000000000,20484,"CONGO-RED, Congo Red",Nc1c(cc(c2ccccc12)S(O)(=O)=O)N=Nc1ccc(cc1)-c1ccc(cc1)N=Nc1cc(c2ccccc2c1N)S(O)(=O)=O,CHERRY580X384,0,2835,24320.5,0,2.04705,SAPPHIRE405X384,0,5711,76399,0,2.42025,VENUS500X384,0,1643,4460,0,8.04561,1993,1435,50,10
3443,C,16,201000000000,20248,Bithionoloxide,Oc1c(Cl)cc(Cl)cc1S(=O)c1cc(Cl)cc(Cl)c1O,CHERRY580X384,0,2809,22171,0,1.8146,SAPPHIRE405X384,0,5807,71276.5,0,2.44256,VENUS500X384,0,1748,4580.5,0.714496,7.58341,1993,1435,2.5,0.5
3443,C,17,201000000000,20248,Bithionoloxide,Oc1c(Cl)cc(Cl)cc1S(=O)c1cc(Cl)cc(Cl)c1O,CHERRY580X384,0,2941,23672,0,1.91163,SAPPHIRE405X384,0,5792,70926.5,0,2.58212,VENUS500X384,0,1776,4588,0.633379,7.77489,1993,1435,5,1
3443,C,18,201000000000,20248,Bithionoloxide,Oc1c(Cl)cc(Cl)cc1S(=O)c1cc(Cl)cc(Cl)c1O,CHERRY580X384,0,2884,23652.5,0,2.08261,SAPPHIRE405X384,0,5883,70853,0,2.42835,VENUS500X384,0,1722,4519,0,8.08018,1993,1435,12.5,2.5
3443,C,19,201000000000,20248,Bithionoloxide,Oc1c(Cl)cc(Cl)cc1S(=O)c1cc(Cl)cc(Cl)c1O,CHERRY580X384,0,2659,22701,0,1.64227,SAPPHIRE405X384,0,5948,65806,0,2.41796,VENUS500X384,0,1772,4302.5,1.20558,7.2052,1993,1435,25,5
3443,C,20,201000000000,20248,Bithionoloxide,Oc1c(Cl)cc(Cl)cc1S(=O)c1cc(Cl)cc(Cl)c1O,CHERRY580X384,0,3232,14006,0,2.03056,SAPPHIRE405X384,0,5832,46677,0,2.34513,VENUS500X384,0,1720,3560,0,7.8381,1993,1435,50,10
3443,G,12,201000000000,20248,Bithionoloxide,Oc1c(Cl)cc(Cl)cc1S(=O)c1cc(Cl)cc(Cl)c1O,CHERRY580X384,0,3168,21800,0,1.97441,SAPPHIRE405X384,0,5913,72318,0,2.42194,VENUS500X384,0,1769,4612,0.824272,7.78195,1993,1435,2.5,0.5
3443,G,13,201000000000,20248,Bithionoloxide,Oc1c(Cl)cc(Cl)cc1S(=O)c1cc(Cl)cc(Cl)c1O,CHERRY580X384,0,2769,22028,0,1.77953,SAPPHIRE405X384,0,5879,72363,0,2.40729,VENUS500X384,0,1736,4590.5,0.395476,7.76262,1993,1435,5,1
3443,G,14,201000000000,20248,Bithionoloxide,Oc1c(Cl)cc(Cl)cc1S(=O)c1cc(Cl)cc(Cl)c1O,CHERRY580X384,0,3051,24058,0,2.14747,SAPPHIRE405X384,0,5947,72684,0,2.42482,VENUS500X384,0,1705,4625,1.10207,6.75316,1993,1435,12.5,2.5
3443,G,15,201000000000,20248,Bithionoloxide,Oc1c(Cl)cc(Cl)cc1S(=O)c1cc(Cl)cc(Cl)c1O,CHERRY580X384,0,2991,23898.5,0,2.08009,SAPPHIRE405X384,0,5968,70119.5,0,2.44769,VENUS500X384,0,1689,4471,1.0927,6.51316,1993,1435,25,5
3443,G,16,201000000000,20248,Bithionoloxide,Oc1c(Cl)cc(Cl)cc1S(=O)c1cc(Cl)cc(Cl)c1O,CHERRY580X384,0,2875,14759,0,1.7768,SAPPHIRE405X384,0,5887,49137,0,2.36248,VENUS500X384,0,1658,3588.5,0.821848,6.86127,1993,1435,50,10
3443,K,8,201000000000,20248,Bithionoloxide,Oc1c(Cl)cc(Cl)cc1S(=O)c1cc(Cl)cc(Cl)c1O,CHERRY580X384,0,2617,23334,0,1.98559,SAPPHIRE405X384,0,5636,71007,0,2.55013,VENUS500X384,0,1620,4384.5,0.938665,6.8481,1993,1435,2.5,0.5
3443,K,9,201000000000,20248,Bithionoloxide,Oc1c(Cl)cc(Cl)cc1S(=O)c1cc(Cl)cc(Cl)c1O,CHERRY580X384,0,2636,23152,0,1.75949,SAPPHIRE405X384,0,5609,70184.5,0,2.42326,VENUS500X384,0,1660,4394,0,8.10578,1993,1435,5,1
3443,K,10,201000000000,20248,Bithionoloxide,Oc1c(Cl)cc(Cl)cc1S(=O)c1cc(Cl)cc(Cl)c1O,CHERRY580X384,0,2740,23748,0,2.01804,SAPPHIRE405X384,0,5540,68153,0,2.47982,VENUS500X384,0,1744,4330,1.11375,7.14648,1993,1435,12.5,2.5
3443,K,11,201000000000,20248,Bithionoloxide,Oc1c(Cl)cc(Cl)cc1S(=O)c1cc(Cl)cc(Cl)c1O,CHERRY580X384,0,2477,22467.5,0,1.8665,SAPPHIRE405X384,0,5663,64540,0,2.39134,VENUS500X384,0,1725,4180,0.998617,7.18785,1993,1435,25,5
3443,K,12,201000000000,20248,Bithionoloxide,Oc1c(Cl)cc(Cl)cc1S(=O)c1cc(Cl)cc(Cl)c1O,CHERRY580X384,0,2172,13001,0,1.55154,SAPPHIRE405X384,0,5738,46610.5,0,2.36954,VENUS500X384,0,1788,3512,0.808904,7.19255,1993,1435,50,10
3443,O,4,201000000000,20248,Bithionoloxide,Oc1c(Cl)cc(Cl)cc1S(=O)c1cc(Cl)cc(Cl)c1O,CHERRY580X384,0,2932,24421.5,0,2.12544,SAPPHIRE405X384,0,5715,76310,0,2.41628,VENUS500X384,0,1635,4461.5,0,7.7798,1993,1435,2.5,0.5
3443,O,5,201000000000,20248,Bithionoloxide,Oc1c(Cl)cc(Cl)cc1S(=O)c1cc(Cl)cc(Cl)c1O,CHERRY580X384,0,2929,25220,0,2.03372,SAPPHIRE405X384,0,5693,75784,0,2.40307,VENUS500X384,0,1648,4407,0.356659,7.5069,1993,1435,5,1
3443,O,6,201000000000,20248,Bithionoloxide,Oc1c(Cl)cc(Cl)cc1S(=O)c1cc(Cl)cc(Cl)c1O,CHERRY580X384,0,2768,26124,0,2.03941,SAPPHIRE405X384,0,5566,72384,0,2.40064,VENUS500X384,0,1597,4307.5,1.10581,6.68383,1993,1435,12.5,2.5
3443,O,7,201000000000,20248,Bithionoloxide,Oc1c(Cl)cc(Cl)cc1S(=O)c1cc(Cl)cc(Cl)c1O,CHERRY580X384,0,2589,23936,0,1.99599,SAPPHIRE405X384,0,5460,69080.5,0,2.32115,VENUS500X384,0,1665,4175,0.848576,7.14421,1993,1435,25,5
3443,O,8,201000000000,20248,Bithionoloxide,Oc1c(Cl)cc(Cl)cc1S(=O)c1cc(Cl)cc(Cl)c1O,CHERRY580X384,0,2769,14504.5,0,2.03148,SAPPHIRE405X384,0,5370,49121,0,2.3411,VENUS500X384,0,1662,3388.5,1.1243,7.04567,1993,1435,50,10
3443,C,8,201000000000,20110,"AMIODARONE, Amiodarone hydrochloride",CCCCc1oc2ccccc2c1C(=O)c1cc(I)c(OCCN(CC)CC)c(I)c1,CHERRY580X384,0,2860,22183,0,1.74219,SAPPHIRE405X384,0,5616,72705,0,2.40951,VENUS500X384,0,1640,4604,0.651236,7.44643,1993,1435,2.5,0.5
3443,C,9,201000000000,20110,"AMIODARONE, Amiodarone hydrochloride",CCCCc1oc2ccccc2c1C(=O)c1cc(I)c(OCCN(CC)CC)c(I)c1,CHERRY580X384,0,2860,22064,0,2.12117,SAPPHIRE405X384,0,5812,73248,0,2.61336,VENUS500X384,0,1701,4639.5,0.697474,7.21345,1993,1435,5,1
3443,C,10,201000000000,20110,"AMIODARONE, Amiodarone hydrochloride",CCCCc1oc2ccccc2c1C(=O)c1cc(I)c(OCCN(CC)CC)c(I)c1,CHERRY580X384,0,2920,22964,0,1.87081,SAPPHIRE405X384,0,5734,74203,0,2.44831,VENUS500X384,0,1716,4693,0.741891,7.33947,1993,1435,12.5,2.5
3443,C,11,201000000000,20110,"AMIODARONE, Amiodarone hydrochloride",CCCCc1oc2ccccc2c1C(=O)c1cc(I)c(OCCN(CC)CC)c(I)c1,CHERRY580X384,0,3036,39345,0,2.08287,SAPPHIRE405X384,0,5788,88124.5,0,2.88188,VENUS500X384,0,1736,5359,1.76113,7.31865,1993,1435,25,5
3443,C,12,201000000000,20110,"AMIODARONE, Amiodarone hydrochloride",CCCCc1oc2ccccc2c1C(=O)c1cc(I)c(OCCN(CC)CC)c(I)c1,CHERRY580X384,0,3068,10097,0,4.20084,SAPPHIRE405X384,0,5467,152136,11.1779,5.07513,VENUS500X384,0,1733,9246,17.822,7.78854,1993,1435,50,10
3443,G,4,201000000000,20110,"AMIODARONE, Amiodarone hydrochloride",CCCCc1oc2ccccc2c1C(=O)c1cc(I)c(OCCN(CC)CC)c(I)c1,CHERRY580X384,0,2786,23286,0,1.78515,SAPPHIRE405X384,0,6076,74755,0,2.498,VENUS500X384,0,1898,4778,1.48717,7.41759,1993,1435,2.5,0.5
3443,G,5,201000000000,20110,"AMIODARONE, Amiodarone hydrochloride",CCCCc1oc2ccccc2c1C(=O)c1cc(I)c(OCCN(CC)CC)c(I)c1,CHERRY580X384,0,2887,22862,0,1.81504,SAPPHIRE405X384,0,5840,75074,0,2.581,VENUS500X384,0,1833,4780,1.03116,7.62755,1993,1435,5,1
3443,G,6,201000000000,20110,"AMIODARONE, Amiodarone hydrochloride",CCCCc1oc2ccccc2c1C(=O)c1cc(I)c(OCCN(CC)CC)c(I)c1,CHERRY580X384,0,2959,25235.5,0,2.05007,SAPPHIRE405X384,0,5965,76778,0,2.45319,VENUS500X384,0,1815,4887,0.878117,7.49484,1993,1435,12.5,2.5
3443,G,7,201000000000,20110,"AMIODARONE, Amiodarone hydrochloride",CCCCc1oc2ccccc2c1C(=O)c1cc(I)c(OCCN(CC)CC)c(I)c1,CHERRY580X384,0,2764,38051.5,0,1.95043,SAPPHIRE405X384,0,5860,87540.5,0,2.82408,VENUS500X384,0,1757,5407,1.94128,6.88501,1993,1435,25,5
3443,G,8,201000000000,20110,"AMIODARONE, Amiodarone hydrochloride",CCCCc1oc2ccccc2c1C(=O)c1cc(I)c(OCCN(CC)CC)c(I)c1,CHERRY580X384,0,2948,11997,0,2.14418,SAPPHIRE405X384,0,5404,149592,8.92155,5.338,VENUS500X384,0,1663,8585.5,15.5274,8.45113,1993,1435,50,10
3443,K,1,201000000000,20110,"AMIODARONE, Amiodarone hydrochloride",CCCCc1oc2ccccc2c1C(=O)c1cc(I)c(OCCN(CC)CC)c(I)c1,CHERRY580X384,0,2779,23917.5,0,1.97244,SAPPHIRE405X384,0,5642,75804,0,2.41463,VENUS500X384,0,1695,4616.5,1.37959,6.72311,1993,1435,5,1
3443,K,2,201000000000,20110,"AMIODARONE, Amiodarone hydrochloride",CCCCc1oc2ccccc2c1C(=O)c1cc(I)c(OCCN(CC)CC)c(I)c1,CHERRY580X384,0,2782,25738,0,2.00605,SAPPHIRE405X384,0,5807,76708,0,2.43054,VENUS500X384,0,1872,4851.5,1.07525,7.28843,1993,1435,12.5,2.5
3443,K,3,201000000000,20110,"AMIODARONE, Amiodarone hydrochloride",CCCCc1oc2ccccc2c1C(=O)c1cc(I)c(OCCN(CC)CC)c(I)c1,CHERRY580X384,0,2953,41305.5,0,2.10132,SAPPHIRE405X384,0,5651,89800,0,2.93796,VENUS500X384,0,1872,5480.5,2.11639,7.55656,1993,1435,25,5
3443,K,4,201000000000,20110,"AMIODARONE, Amiodarone hydrochloride",CCCCc1oc2ccccc2c1C(=O)c1cc(I)c(OCCN(CC)CC)c(I)c1,CHERRY580X384,0,2834,5305,0,4.42863,SAPPHIRE405X384,0,5204,112373,14.3766,5.66656,VENUS500X384,0,1818,7446,22.0961,8.73927,1993,1435,50,10
3443,K,24,201000000000,20110,"AMIODARONE, Amiodarone hydrochloride",CCCCc1oc2ccccc2c1C(=O)c1cc(I)c(OCCN(CC)CC)c(I)c1,CHERRY580X384,0,3085,22946,0,1.90074,SAPPHIRE405X384,0,5977,75958,0,2.42906,VENUS500X384,0,1836,4664,0.933582,7.58431,1993,1435,2.5,0.5
3443,O,20,201000000000,20110,"AMIODARONE, Amiodarone hydrochloride",CCCCc1oc2ccccc2c1C(=O)c1cc(I)c(OCCN(CC)CC)c(I)c1,CHERRY580X384,0,2590,22127,0,1.68443,SAPPHIRE405X384,0,5919,76470.5,0,2.41481,VENUS500X384,0,1689,4587,0.887576,7.32682,1993,1435,2.5,0.5
3443,O,21,201000000000,20110,"AMIODARONE, Amiodarone hydrochloride",CCCCc1oc2ccccc2c1C(=O)c1cc(I)c(OCCN(CC)CC)c(I)c1,CHERRY580X384,0,2838,22812,0,2.0211,SAPPHIRE405X384,0,5828,76281,0,2.57117,VENUS500X384,0,1688,4632,0.60649,7.40995,1993,1435,5,1
3443,O,22,201000000000,20110,"AMIODARONE, Amiodarone hydrochloride",CCCCc1oc2ccccc2c1C(=O)c1cc(I)c(OCCN(CC)CC)c(I)c1,CHERRY580X384,0,3035,24800,0,1.93827,SAPPHIRE405X384,0,5966,77980.5,0,2.56979,VENUS500X384,0,1688,4736,0.643361,6.9435,1993,1435,12.5,2.5
3443,O,23,201000000000,20110,"AMIODARONE, Amiodarone hydrochloride",CCCCc1oc2ccccc2c1C(=O)c1cc(I)c(OCCN(CC)CC)c(I)c1,CHERRY580X384,0,2769,38394,0,1.93102,SAPPHIRE405X384,0,5840,90152,0,2.79758,VENUS500X384,0,1786,5372,1.65612,7.22952,1993,1435,25,5
3443,O,24,201000000000,20110,"AMIODARONE, Amiodarone hydrochloride",CCCCc1oc2ccccc2c1C(=O)c1cc(I)c(OCCN(CC)CC)c(I)c1,CHERRY580X384,0,2948,6820,0,4.80071,SAPPHIRE405X384,0,5465,160090,13.6868,4.98481,VENUS500X384,0,1764,9173,21.5458,7.22829,1993,1435,50,10
3443,A,1,201000000000,1313,Dimethyl sulfoxide,CS(=O)C,CHERRY580X384,0,3158,27117,0,2.09192,SAPPHIRE405X384,0,5988,84122.5,0,2.42569,VENUS500X384,0,1702,4871,1.22246,6.49596,1993,1435,0,0
3443,A,7,201000000000,1313,Dimethyl sulfoxide,CS(=O)C,CHERRY580X384,0,3020,25234.5,0,2.49653,SAPPHIRE405X384,0,6148,82368,0,2.44889,VENUS500X384,0,1651,5008,0.744326,6.77906,1993,1435,0,0
3443,A,8,201000000000,1313,Dimethyl sulfoxide,CS(=O)C,CHERRY580X384,0,3024,26315,0,1.98446,SAPPHIRE405X384,0,6112,81043.5,0,2.43831,VENUS500X384,0,1652,4791.5,0.760816,7.30354,1993,1435,0,0
3443,A,9,201000000000,1313,Dimethyl sulfoxide,CS(=O)C,CHERRY580X384,0,3045,25655,0,1.78152,SAPPHIRE405X384,0,6198,82335,0,2.44347,VENUS500X384,0,1748,4962.5,0,8.12582,1993,1435,0,0
3443,A,15,201000000000,1313,Dimethyl sulfoxide,CS(=O)C,CHERRY580X384,0,3015,22622.5,0,1.84231,SAPPHIRE405X384,0,6201,77281,0,2.59122,VENUS500X384,0,1818,4822,0.79389,7.93694,1993,1435,0,0
3443,A,16,201000000000,1313,Dimethyl sulfoxide,CS(=O)C,CHERRY580X384,0,2746,22090.5,0,1.55024,SAPPHIRE405X384,0,6108,78820,0,2.43566,VENUS500X384,0,1650,4839,0,7.7635,1993,1435,0,0
3443,A,17,201000000000,1313,Dimethyl sulfoxide,CS(=O)C,CHERRY580X384,0,3173,24008,0,1.98684,SAPPHIRE405X384,0,6003,79614,0,2.61794,VENUS500X384,0,1671,4793,0.837096,7.34214,1993,1435,0,0
3443,A,23,201000000000,1313,Dimethyl sulfoxide,CS(=O)C,CHERRY580X384,0,3057,25257,0,1.79089,SAPPHIRE405X384,0,6203,83515.5,0,2.42299,VENUS500X384,0,1750,4894.5,0.940429,7.26666,1993,1435,0,0
3443,A,24,201000000000,1313,Dimethyl sulfoxide,CS(=O)C,CHERRY580X384,0,3015,25615.5,0,1.72272,SAPPHIRE405X384,0,6324,83691,0,2.44559,VENUS500X384,0,1810,4967.5,0,8.15307,1993,1435,0,0
3443,B,6,201000000000,1313,Dimethyl sulfoxide,CS(=O)C,CHERRY580X384,0,2724,22415,0,2.06462,SAPPHIRE405X384,0,5836,77282,0,2.42084,VENUS500X384,0,1621,4832,0,7.68082,1993,1435,0,0
3443,B,7,201000000000,1313,Dimethyl sulfoxide,CS(=O)C,CHERRY580X384,0,2999,22731,0,1.87369,SAPPHIRE405X384,0,5783,75147,0,2.41599,VENUS500X384,0,1676,4641.5,0.458234,7.76965,1993,1435,0,0
3443,B,8,201000000000,1313,Dimethyl sulfoxide,CS(=O)C,CHERRY580X384,0,2832,22236,0,1.83472,SAPPHIRE405X384,0,5634,74839,0,2.60388,VENUS500X384,0,1732,4744,1.45907,6.87255,1993,1435,0,0
3443,B,14,201000000000,1313,Dimethyl sulfoxide,CS(=O)C,CHERRY580X384,0,3118,22794.5,0,1.96203,SAPPHIRE405X384,0,5956,77067.5,0,2.46697,VENUS500X384,0,1710,4744,0.65899,7.8131,1993,1435,0,0
3443,B,15,201000000000,1313,Dimethyl sulfoxide,CS(=O)C,CHERRY580X384,0,3240,22238,0,2.25362,SAPPHIRE405X384,0,5970,75059,0,2.45302,VENUS500X384,0,1733,4766,0.369818,7.9102,1993,1435,0,0
3443,B,16,201000000000,1313,Dimethyl sulfoxide,CS(=O)C,CHERRY580X384,0,3318,21900.5,0,2.04302,SAPPHIRE405X384,0,5955,75323.5,0,2.42957,VENUS500X384,0,1671,4669.5,0.566051,7.47533,1993,1435,0,0
3443,B,22,201000000000,1313,Dimethyl sulfoxide,CS(=O)C,CHERRY580X384,0,3127,25096.5,0,2.11227,SAPPHIRE405X384,0,6144,81149,0,2.35578,VENUS500X384,0,1676,4908,0,7.55474,1993,1435,0,0
3443,B,23,201000000000,1313,Dimethyl sulfoxide,CS(=O)C,CHERRY580X384,0,3036,23661,0,1.8244,SAPPHIRE405X384,0,6220,79675,0,2.42637,VENUS500X384,0,1780,4846,0.464077,7.61035,1993,1435,0,0
3443,B,24,201000000000,1313,Dimethyl sulfoxide,CS(=O)C,CHERRY580X384,0,3308,25754,0,2.13655,SAPPHIRE405X384,0,6221,84068,0,2.41107,VENUS500X384,0,1832,4957.5,0.829008,7.33231,1993,1435,0,0
3443,C,5,201000000000,1313,Dimethyl sulfoxide,CS(=O)C,CHERRY580X384,0,2506,22586,0,1.60821,SAPPHIRE405X384,0,5907,76076,0,2.59733,VENUS500X384,0,1677,4761.5,0.647,7.22743,1993,1435,0,0
3443,C,6,201000000000,1313,Dimethyl sulfoxide,CS(=O)C,CHERRY580X384,0,3143,21398.5,0,2.08327,SAPPHIRE405X384,0,5839,74335,0,2.58177,VENUS500X384,0,1693,4658.5,0.872815,7.23686,1993,1435,0,0
3443,C,7,201000000000,1313,Dimethyl sulfoxide,CS(=O)C,CHERRY580X384,0,2925,22709,0,1.93812,SAPPHIRE405X384,0,5652,74061,0,2.40643,VENUS500X384,0,1700,4623,0.873753,7.4644,1993,1435,0,0
3443,C,13,201000000000,1313,Dimethyl sulfoxide,CS(=O)C,CHERRY580X384,0,2740,22635.5,0,2.00203,SAPPHIRE405X384,0,5946,74925,0,2.44994,VENUS500X384,0,1696,4756,0.623451,7.65989,1993,1435,0,0
3443,C,14,201000000000,1313,Dimethyl sulfoxide,CS(=O)C,CHERRY580X384,0,2900,20452,0,1.796,SAPPHIRE405X384,0,5899,72307,0,2.45811,VENUS500X384,0,1706,4577.5,0.806223,7.6302,1993,1435,0,0
3443,C,15,201000000000,1313,Dimethyl sulfoxide,CS(=O)C,CHERRY580X384,0,2589,21205,0,1.65376,SAPPHIRE405X384,0,5877,72492,0,2.59851,VENUS500X384,0,1718,4600,0.776249,7.52682,1993,1435,0,0
3443,C,21,201000000000,1313,Dimethyl sulfoxide,CS(=O)C,CHERRY580X384,0,2940,23448,0,1.79868,SAPPHIRE405X384,0,5890,75384,0,2.61821,VENUS500X384,0,1751,4759,0.609514,7.89033,1993,1435,0,0
3443,C,22,201000000000,1313,Dimethyl sulfoxide,CS(=O)C,CHERRY580X384,0,2864,23821,0,1.77294,SAPPHIRE405X384,0,6068,79568,0,2.40752,VENUS500X384,0,1827,4987,1.06117,7.30264,1993,1435,0,0
3443,C,23,201000000000,1313,Dimethyl sulfoxide,CS(=O)C,CHERRY580X384,0,2963,24974,0,1.78562,SAPPHIRE405X384,0,6121,78704,0,2.4665,VENUS500X384,0,1885,4935,0.79891,7.84938,1993,1435,0,0
3443,D,4,201000000000,1313,Dimethyl sulfoxide,CS(=O)C,CHERRY580X384,0,2726,22509.5,0,2.07157,SAPPHIRE405X384,0,5844,75354,0,2.43698,VENUS500X384,0,1687,4689.5,0.39775,7.62344,1993,1435,0,0
3443,D,5,201000000000,1313,Dimethyl sulfoxide,CS(=O)C,CHERRY580X384,0,3085,22476.5,0,2.20312,SAPPHIRE405X384,0,5867,73876,0,2.44357,VENUS500X384,0,1754,4669,0.994768,7.40089,1993,1435,0,0
3443,D,6,201000000000,1313,Dimethyl sulfoxide,CS(=O)C,CHERRY580X384,0,2960,20820.5,0,1.94288,SAPPHIRE405X384,0,5860,72311.5,0,2.46557,VENUS500X384,0,1723,4544,1.05464,7.36846,1993,1435,0,0
3443,D,12,201000000000,1313,Dimethyl sulfoxide,CS(=O)C,CHERRY580X384,0,2773,21910,0,1.70082,SAPPHIRE405X384,0,5892,73254.5,0,2.47385,VENUS500X384,0,1688,4653,0.685939,7.40501,1993,1435,0,0
3443,D,13,201000000000,1313,Dimethyl sulfoxide,CS(=O)C,CHERRY580X384,0,2712,20060,0,1.7505,SAPPHIRE405X384,0,5811,71572.5,0,2.46959,VENUS500X384,0,1695,4478,0.628316,8.06624,1993,1435,0,0
3443,D,14,201000000000,1313,Dimethyl sulfoxide,CS(=O)C,CHERRY580X384,0,2714,21450,0,1.77155,SAPPHIRE405X384,0,5685,72193,0,2.41533,VENUS500X384,0,1632,4596.5,0.828253,7.23969,1993,1435,0,0
3443,D,20,201000000000,1313,Dimethyl sulfoxide,CS(=O)C,CHERRY580X384,0,3182,21775,0,1.65716,SAPPHIRE405X384,0,5973,73988.5,0,2.45237,VENUS500X384,0,1732,4689,0.580544,7.76803,1993,1435,0,0
3443,D,21,201000000000,1313,Dimethyl sulfoxide,CS(=O)C,CHERRY580X384,0,3133,22862.5,0,2.14861,SAPPHIRE405X384,0,6002,75263.5,0,2.44357,VENUS500X384,0,1758,4735,0.612744,7.66283,1993,1435,0,0
3443,D,22,201000000000,1313,Dimethyl sulfoxide,CS(=O)C,CHERRY580X384,0,2786,22425,0,1.76499,SAPPHIRE405X384,0,6000,75418.5,0,2.44883,VENUS500X384,0,1827,4801.5,0.772621,7.81624,1993,1435,0,0
3443,E,3,201000000000,1313,Dimethyl sulfoxide,CS(=O)C,CHERRY580X384,0,2755,24000,0,2.06324,SAPPHIRE405X384,0,5904,76823.5,0,2.43843,VENUS500X384,0,1832,4862,1.08893,7.56875,1993,1435,0,0
3443,E,4,201000000000,1313,Dimethyl sulfoxide,CS(=O)C,CHERRY580X384,0,2583,24382,0,1.76637,SAPPHIRE405X384,0,5910,77593.5,0,2.61274,VENUS500X384,0,1751,4867.5,0.443748,7.6297,1993,1435,0,0
3443,E,5,201000000000,1313,Dimethyl sulfoxide,CS(=O)C,CHERRY580X384,0,2994,24156.5,0,1.8165,SAPPHIRE405X384,0,5908,77176,0,2.40722,VENUS500X384,0,1771,4828.5,1.31307,7.02649,1993,1435,0,0
3443,E,11,201000000000,1313,Dimethyl sulfoxide,CS(=O)C,CHERRY580X384,0,2876,22600,0,1.86425,SAPPHIRE405X384,0,5853,73222,0,2.63073,VENUS500X384,0,1693,4676.5,0.573265,7.58229,1993,1435,0,0
3443,E,12,201000000000,1313,Dimethyl sulfoxide,CS(=O)C,CHERRY580X384,0,3186,22400,0,2.17437,SAPPHIRE405X384,0,5801,74605,0,2.58411,VENUS500X384,0,1716,4684.5,0.802643,7.15559,1993,1435,0,0
3443,E,13,201000000000,1313,Dimethyl sulfoxide,CS(=O)C,CHERRY580X384,0,2861,21634,0,1.83046,SAPPHIRE405X384,0,5904,73117.5,0,2.45285,VENUS500X384,0,1696,4539,0.203571,8.02933,1993,1435,0,0
3443,E,19,201000000000,1313,Dimethyl sulfoxide,CS(=O)C,CHERRY580X384,0,2841,22403.5,0,1.75095,SAPPHIRE405X384,0,6073,74719.5,0,2.46859,VENUS500X384,0,1728,4676,0.648129,7.7227,1993,1435,0,0
3443,E,20,201000000000,1313,Dimethyl sulfoxide,CS(=O)C,CHERRY580X384,0,2819,22406.5,0,2.07785,SAPPHIRE405X384,0,5912,75309.5,0,2.58793,VENUS500X384,0,1786,4810,0.678641,7.90196,1993,1435,0,0
3443,E,21,201000000000,1313,Dimethyl sulfoxide,CS(=O)C,CHERRY580X384,0,2831,23567.5,0,1.73125,SAPPHIRE405X384,0,6129,78074,0,2.395,VENUS500X384,0,1782,4895,0.705314,7.56136,1993,1435,0,0
3443,F,2,201000000000,1313,Dimethyl sulfoxide,CS(=O)C,CHERRY580X384,0,2987,23221.5,0,1.88318,SAPPHIRE405X384,0,5984,76198.5,0,2.48308,VENUS500X384,0,1891,4784,1.2246,7.71558,1993,1435,0,0
3443,F,3,201000000000,1313,Dimethyl sulfoxide,CS(=O)C,CHERRY580X384,0,2735,22985.5,0,1.99269,SAPPHIRE405X384,0,5848,75378,0,2.45411,VENUS500X384,0,1829,4796,1.05829,7.48737,1993,1435,0,0
3443,F,4,201000000000,1313,Dimethyl sulfoxide,CS(=O)C,CHERRY580X384,0,3184,22278.5,0,2.03979,SAPPHIRE405X384,0,5968,75628,0,2.47371,VENUS500X384,0,1846,4836.5,1.20359,7.43739,1993,1435,0,0
3443,F,10,201000000000,1313,Dimethyl sulfoxide,CS(=O)C,CHERRY580X384,0,2756,21938,0,1.71121,SAPPHIRE405X384,0,5919,72827.5,0,2.47409,VENUS500X384,0,1719,4637.5,0.991784,7.34857,1993,1435,0,0
3443,F,11,201000000000,1313,Dimethyl sulfoxide,CS(=O)C,CHERRY580X384,0,2768,20792,0,1.81859,SAPPHIRE405X384,0,5771,70227,0,2.65194,VENUS500X384,0,1657,4477,0,8.14563,1993,1435,0,0
3443,F,12,201000000000,1313,Dimethyl sulfoxide,CS(=O)C,CHERRY580X384,0,3163,21721,0,2.07997,SAPPHIRE405X384,0,5877,72500,0,2.43868,VENUS500X384,0,1776,4565,1.23519,7.41835,1993,1435,0,0
3443,F,18,201000000000,1313,Dimethyl sulfoxide,CS(=O)C,CHERRY580X384,0,2755,21211,0,1.82015,SAPPHIRE405X384,0,5985,73997,0,2.46341,VENUS500X384,0,1747,4732,1.49861,7.04798,1993,1435,0,0
3443,F,19,201000000000,1313,Dimethyl sulfoxide,CS(=O)C,CHERRY580X384,0,2802,22477,0,1.70622,SAPPHIRE405X384,0,5986,73122.5,0,2.4839,VENUS500X384,0,1801,4680,1.14364,7.26129,1993,1435,0,0
3443,F,20,201000000000,1313,Dimethyl sulfoxide,CS(=O)C,CHERRY580X384,0,2953,21602.5,0,1.87415,SAPPHIRE405X384,0,5974,74132,0,2.44733,VENUS500X384,0,1828,4780.5,0.682936,7.9168,1993,1435,0,0
3443,G,1,201000000000,1313,Dimethyl sulfoxide,CS(=O)C,CHERRY580X384,0,3100,23998.5,0,1.68995,SAPPHIRE405X384,0,6053,79392,0,2.4521,VENUS500X384,0,1801,4825,1.219,7.18252,1993,1435,0,0
3443,G,2,201000000000,1313,Dimethyl sulfoxide,CS(=O)C,CHERRY580X384,0,2987,22608,0,2.12395,SAPPHIRE405X384,0,6122,77279.5,0,2.47967,VENUS500X384,0,1931,4879.5,0.706747,8.48079,1993,1435,0,0
3443,G,3,201000000000,1313,Dimethyl sulfoxide,CS(=O)C,CHERRY580X384,0,2784,22542,0,1.74927,SAPPHIRE405X384,0,5979,77798.5,0,2.41726,VENUS500X384,0,1912,4912.5,0.918185,7.98589,1993,1435,0,0
3443,G,9,201000000000,1313,Dimethyl sulfoxide,CS(=O)C,CHERRY580X384,0,3185,21608.5,0,2.23599,SAPPHIRE405X384,0,5768,74532,0,2.41742,VENUS500X384,0,1716,4684,0.38648,7.9892,1993,1435,0,0
3443,G,10,201000000000,1313,Dimethyl sulfoxide,CS(=O)C,CHERRY580X384,0,3090,22184,0,2.22604,SAPPHIRE405X384,0,5986,75889.5,0,2.42798,VENUS500X384,0,1707,4757.5,0.582905,7.56394,1993,1435,0,0
3443,G,11,201000000000,1313,Dimethyl sulfoxide,CS(=O)C,CHERRY580X384,0,2863,22055,0,1.79975,SAPPHIRE405X384,0,5975,73871,0,2.42509,VENUS500X384,0,1731,4674,0.76139,7.66695,1993,1435,0,0
3443,G,17,201000000000,1313,Dimethyl sulfoxide,CS(=O)C,CHERRY580X384,0,3147,21541.5,0,1.6983,SAPPHIRE405X384,0,5948,75448.5,0,2.40346,VENUS500X384,0,1738,4735,0.463212,7.83248,1993,1435,0,0
3443,G,18,201000000000,1313,Dimethyl sulfoxide,CS(=O)C,CHERRY580X384,0,2861,23161.5,0,2.02728,SAPPHIRE405X384,0,6013,77610.5,0,2.44702,VENUS500X384,0,1709,4828,0,7.9485,1993,1435,0,0
3443,G,19,201000000000,1313,Dimethyl sulfoxide,CS(=O)C,CHERRY580X384,0,3000,20797,0,2.22466,SAPPHIRE405X384,0,5915,73920.5,0,2.42908,VENUS500X384,0,1774,4744,0.702145,7.82159,1993,1435,0,0
3443,H,1,201000000000,1313,Dimethyl sulfoxide,CS(=O)C,CHERRY580X384,0,3000,24039,0,2.47718,SAPPHIRE405X384,0,5981,78476.5,0,2.44532,VENUS500X384,0,1809,4851,1.05719,7.25317,1993,1435,0,0
3443,H,2,201000000000,1313,Dimethyl sulfoxide,CS(=O)C,CHERRY580X384,0,3150,23549,0,2.14454,SAPPHIRE405X384,0,6097,76697,0,2.49258,VENUS500X384,0,1921,4838,0.922396,7.91784,1993,1435,0,0
3443,H,8,201000000000,1313,Dimethyl sulfoxide,CS(=O)C,CHERRY580X384,0,2986,20430,0,1.9427,SAPPHIRE405X384,0,5988,74080,0,2.50233,VENUS500X384,0,1712,4748,0,8.24521,1993,1435,0,0
3443,H,9,201000000000,1313,Dimethyl sulfoxide,CS(=O)C,CHERRY580X384,0,2684,22061.5,0,1.65204,SAPPHIRE405X384,0,5865,73472,0,2.44174,VENUS500X384,0,1784,4691,0.942092,7.37843,1993,1435,0,0
3443,H,10,201000000000,1313,Dimethyl sulfoxide,CS(=O)C,CHERRY580X384,0,3096,22251,0,2.23517,SAPPHIRE405X384,0,5836,74561,0,2.44522,VENUS500X384,0,1736,4735.5,0.755059,7.62058,1993,1435,0,0
3443,H,16,201000000000,1313,Dimethyl sulfoxide,CS(=O)C,CHERRY580X384,0,3010,20989.5,0,1.91333,SAPPHIRE405X384,0,5983,73416,0,2.46569,VENUS500X384,0,1751,4680.5,0.507522,7.96055,1993,1435,0,0
3443,H,17,201000000000,1313,Dimethyl sulfoxide,CS(=O)C,CHERRY580X384,0,3241,22220,0,1.773,SAPPHIRE405X384,0,5985,75494,0,2.43568,VENUS500X384,0,1720,4737,0.786707,7.36386,1993,1435,0,0
3443,H,18,201000000000,1313,Dimethyl sulfoxide,CS(=O)C,CHERRY580X384,0,3092,21632.5,0,2.28185,SAPPHIRE405X384,0,6012,74844.5,0,2.43518,VENUS500X384,0,1752,4694,0.600365,7.38623,1993,1435,0,0
3443,H,24,201000000000,1313,Dimethyl sulfoxide,CS(=O)C,CHERRY580X384,0,2993,22212.5,0,1.81039,SAPPHIRE405X384,0,6307,79445,0,2.4465,VENUS500X384,0,1864,4976.5,0.402879,8.24094,1993,1435,0,0
3443,I,1,201000000000,1313,Dimethyl sulfoxide,CS(=O)C,CHERRY580X384,0,2665,23856.5,0,1.95208,SAPPHIRE405X384,0,5723,74731,0,2.46353,VENUS500X384,0,1812,4603.5,1.00491,8.04128,1993,1435,0,0
3443,I,7,201000000000,1313,Dimethyl sulfoxide,CS(=O)C,CHERRY580X384,0,2864,22919,0,2.13684,SAPPHIRE405X384,0,5507,72432,0,2.42392,VENUS500X384,0,1751,4620,0.579041,8.01646,1993,1435,0,0
3443,I,8,201000000000,1313,Dimethyl sulfoxide,CS(=O)C,CHERRY580X384,0,2585,22688,0,2.03482,SAPPHIRE405X384,0,5508,72305.5,0,2.40393,VENUS500X384,0,1754,4573,0.618032,7.95058,1993,1435,0,0
3443,I,9,201000000000,1313,Dimethyl sulfoxide,CS(=O)C,CHERRY580X384,0,2736,22975.5,0,1.80062,SAPPHIRE405X384,0,5653,72585,0,2.44229,VENUS500X384,0,1745,4591,1.32171,7.40278,1993,1435,0,0
3443,I,15,201000000000,1313,Dimethyl sulfoxide,CS(=O)C,CHERRY580X384,0,2631,21902,0,1.78824,SAPPHIRE405X384,0,5591,71116,0,2.59789,VENUS500X384,0,1728,4524,0.922575,7.587,1993,1435,0,0
3443,I,16,201000000000,1313,Dimethyl sulfoxide,CS(=O)C,CHERRY580X384,0,2872,22385,0,2.13028,SAPPHIRE405X384,0,5637,71345.5,0,2.41215,VENUS500X384,0,1704,4593.5,0.741046,7.70666,1993,1435,0,0
3443,I,17,201000000000,1313,Dimethyl sulfoxide,CS(=O)C,CHERRY580X384,0,2621,22260,0,1.79252,SAPPHIRE405X384,0,5687,71742.5,0,2.43804,VENUS500X384,0,1703,4560,0.990058,7.19038,1993,1435,0,0
3443,I,23,201000000000,1313,Dimethyl sulfoxide,CS(=O)C,CHERRY580X384,0,2608,22987,0,1.79851,SAPPHIRE405X384,0,5783,75669,0,2.53306,VENUS500X384,0,1894,4971,0.947613,7.70489,1993,1435,0,0
3443,I,24,201000000000,1313,Dimethyl sulfoxide,CS(=O)C,CHERRY580X384,0,2868,22802.5,0,1.81346,SAPPHIRE405X384,0,5831,74653.5,0,2.4392,VENUS500X384,0,1896,4816,0.92809,7.88781,1993,1435,0,0
3443,J,6,201000000000,1313,Dimethyl sulfoxide,CS(=O)C,CHERRY580X384,0,2566,21576,0,1.73253,SAPPHIRE405X384,0,5538,72419,0,2.43832,VENUS500X384,0,1757,4640,0,8.5476,1993,1435,0,0
3443,J,7,201000000000,1313,Dimethyl sulfoxide,CS(=O)C,CHERRY580X384,0,2826,21742,0,2.14068,SAPPHIRE405X384,0,5565,71692,0,2.43156,VENUS500X384,0,1700,4568,0.915103,7.28532,1993,1435,0,0
3443,J,8,201000000000,1313,Dimethyl sulfoxide,CS(=O)C,CHERRY580X384,0,2650,21208,0,2.06957,SAPPHIRE405X384,0,5523,72245.5,0,2.38784,VENUS500X384,0,1696,4527.5,0,8.31606,1993,1435,0,0
3443,J,14,201000000000,1313,Dimethyl sulfoxide,CS(=O)C,CHERRY580X384,0,2440,21983.5,0,1.71619,SAPPHIRE405X384,0,5600,72263,0,2.60203,VENUS500X384,0,1685,4522,0.762058,7.81076,1993,1435,0,0
3443,J,15,201000000000,1313,Dimethyl sulfoxide,CS(=O)C,CHERRY580X384,0,2720,20834,0,2.07591,SAPPHIRE405X384,0,5679,70430,0,2.46548,VENUS500X384,0,1720,4426,1.09759,7.38222,1993,1435,0,0
3443,J,16,201000000000,1313,Dimethyl sulfoxide,CS(=O)C,CHERRY580X384,0,2463,21330.5,0,1.71783,SAPPHIRE405X384,0,5658,71340,0,2.42103,VENUS500X384,0,1732,4445,0,8.34767,1993,1435,0,0
3443,J,22,201000000000,1313,Dimethyl sulfoxide,CS(=O)C,CHERRY580X384,0,2988,21906.5,0,1.92783,SAPPHIRE405X384,0,5861,73148,0,2.45889,VENUS500X384,0,1842,4747.5,0.694355,8.6767,1993,1435,0,0
3443,J,23,201000000000,1313,Dimethyl sulfoxide,CS(=O)C,CHERRY580X384,0,3236,21946,0,2.24149,SAPPHIRE405X384,0,5957,74359.5,0,2.4651,VENUS500X384,0,1904,4772,0.714724,8.39237,1993,1435,0,0
3443,J,24,201000000000,1313,Dimethyl sulfoxide,CS(=O)C,CHERRY580X384,0,3057,22444,0,1.97431,SAPPHIRE405X384,0,6024,75961.5,0,2.46393,VENUS500X384,0,1885,4831,0.882038,8.10705,1993,1435,0,0
3443,K,5,201000000000,1313,Dimethyl sulfoxide,CS(=O)C,CHERRY580X384,0,2679,22951.5,0,1.71955,SAPPHIRE405X384,0,5724,74052,0,2.44947,VENUS500X384,0,1732,4712,0,8.11279,1993,1435,0,0
3443,K,6,201000000000,1313,Dimethyl sulfoxide,CS(=O)C,CHERRY580X384,0,2772,22844,0,2.09506,SAPPHIRE405X384,0,5848,74476,0,2.45612,VENUS500X384,0,1757,4673,0.38177,7.9234,1993,1435,0,0
3443,K,7,201000000000,1313,Dimethyl sulfoxide,CS(=O)C,CHERRY580X384,0,2597,21808,0,2.00908,SAPPHIRE405X384,0,5604,72133,0,2.40922,VENUS500X384,0,1728,4553,0.921639,7.38918,1993,1435,0,0
3443,K,13,201000000000,1313,Dimethyl sulfoxide,CS(=O)C,CHERRY580X384,0,2660,21963.5,0,2.03562,SAPPHIRE405X384,0,5660,72173,0,2.62266,VENUS500X384,0,1761,4563.5,0.600547,8.13839,1993,1435,0,0
3443,K,14,201000000000,1313,Dimethyl sulfoxide,CS(=O)C,CHERRY580X384,0,2576,22404,0,1.68093,SAPPHIRE405X384,0,5620,73256.5,0,2.44947,VENUS500X384,0,1746,4596.5,1.57694,7.05602,1993,1435,0,0
3443,K,15,201000000000,1313,Dimethyl sulfoxide,CS(=O)C,CHERRY580X384,0,2774,21862,0,1.95353,SAPPHIRE405X384,0,5568,71905,0,2.60586,VENUS500X384,0,1768,4562,0.529836,8.34425,1993,1435,0,0
3443,K,21,201000000000,1313,Dimethyl sulfoxide,CS(=O)C,CHERRY580X384,0,3020,22269.5,0,1.97379,SAPPHIRE405X384,0,5828,76233.5,0,2.58217,VENUS500X384,0,1775,4782,0,8.12124,1993,1435,0,0
3443,K,22,201000000000,1313,Dimethyl sulfoxide,CS(=O)C,CHERRY580X384,0,2784,21855.5,0,1.88203,SAPPHIRE405X384,0,5788,72781,0,2.62026,VENUS500X384,0,1782,4641,0.527355,8.08896,1993,1435,0,0
3443,K,23,201000000000,1313,Dimethyl sulfoxide,CS(=O)C,CHERRY580X384,0,2912,22763,0,1.62964,SAPPHIRE405X384,0,5898,73876,0,2.65661,VENUS500X384,0,1864,4667.5,1.53519,7.33547,1993,1435,0,0
3443,L,4,201000000000,1313,Dimethyl sulfoxide,CS(=O)C,CHERRY580X384,0,2775,21136.5,0,1.84159,SAPPHIRE405X384,0,5632,74130,0,2.60999,VENUS500X384,0,1769,4734.5,1.19821,7.32823,1993,1435,0,0
3443,L,5,201000000000,1313,Dimethyl sulfoxide,CS(=O)C,CHERRY580X384,0,2633,22126,0,1.69957,SAPPHIRE405X384,0,5696,74121,0,2.41973,VENUS500X384,0,1784,4616,0.788143,8.12586,1993,1435,0,0
3443,L,6,201000000000,1313,Dimethyl sulfoxide,CS(=O)C,CHERRY580X384,0,2714,22795.5,0,1.83279,SAPPHIRE405X384,0,5520,74779,0,2.42918,VENUS500X384,0,1711,4647,1.09875,7.32585,1993,1435,0,0
3443,L,12,201000000000,1313,Dimethyl sulfoxide,CS(=O)C,CHERRY580X384,0,2560,21895.5,0,1.72647,SAPPHIRE405X384,0,5677,72161,0,2.6256,VENUS500X384,0,1742,4527.5,0.866646,7.76057,1993,1435,0,0
3443,L,13,201000000000,1313,Dimethyl sulfoxide,CS(=O)C,CHERRY580X384,0,2590,22057,0,1.7285,SAPPHIRE405X384,0,5636,73095.5,0,2.41665,VENUS500X384,0,1759,4531,0.66407,8.11626,1993,1435,0,0
3443,L,14,201000000000,1313,Dimethyl sulfoxide,CS(=O)C,CHERRY580X384,0,2822,20824,0,2.10656,SAPPHIRE405X384,0,5504,71951,0,2.40011,VENUS500X384,0,1671,4540.5,0.662399,7.43895,1993,1435,0,0
3443,L,20,201000000000,1313,Dimethyl sulfoxide,CS(=O)C,CHERRY580X384,0,2223,22678.5,0,1.62345,SAPPHIRE405X384,0,5679,73541,0,2.43058,VENUS500X384,0,1780,4626.5,1.38812,7.15412,1993,1435,0,0
3443,L,21,201000000000,1313,Dimethyl sulfoxide,CS(=O)C,CHERRY580X384,0,3022,21448,0,2.22372,SAPPHIRE405X384,0,5772,72388,0,2.43165,VENUS500X384,0,1748,4573,0.849805,7.38888,1993,1435,0,0
3443,L,22,201000000000,1313,Dimethyl sulfoxide,CS(=O)C,CHERRY580X384,0,2581,21135,0,1.77373,SAPPHIRE405X384,0,5844,72989,0,2.64647,VENUS500X384,0,1768,4643.5,0.468605,8.07294,1993,1435,0,0
3443,M,3,201000000000,1313,Dimethyl sulfoxide,CS(=O)C,CHERRY580X384,0,3000,22696.5,0,1.96021,SAPPHIRE405X384,0,5724,74641.5,0,2.41384,VENUS500X384,0,1733,4716,0.818062,7.42679,1993,1435,0,0
3443,M,4,201000000000,1313,Dimethyl sulfoxide,CS(=O)C,CHERRY580X384,0,3039,22358,0,1.86881,SAPPHIRE405X384,0,5689,74069,0,2.40082,VENUS500X384,0,1782,4636,0.518243,8.10476,1993,1435,0,0
3443,M,5,201000000000,1313,Dimethyl sulfoxide,CS(=O)C,CHERRY580X384,0,2777,22948,0,1.77589,SAPPHIRE405X384,0,5669,74091.5,0,2.41464,VENUS500X384,0,1751,4629,0.668938,7.90719,1993,1435,0,0
3443,M,11,201000000000,1313,Dimethyl sulfoxide,CS(=O)C,CHERRY580X384,0,2840,22523.5,0,2.08332,SAPPHIRE405X384,0,5774,74227.5,0,2.45697,VENUS500X384,0,1701,4567,0.794397,7.64135,1993,1435,0,0
3443,M,12,201000000000,1313,Dimethyl sulfoxide,CS(=O)C,CHERRY580X384,0,2999,22275,0,2.59849,SAPPHIRE405X384,0,5801,73980,0,2.44455,VENUS500X384,0,1783,4497.5,0.954387,7.5559,1993,1435,0,0
3443,M,13,201000000000,1313,Dimethyl sulfoxide,CS(=O)C,CHERRY580X384,0,2811,23178.5,0,2.15289,SAPPHIRE405X384,0,5809,74097,0,2.44598,VENUS500X384,0,1774,4549.5,1.50444,6.98584,1993,1435,0,0
3443,M,19,201000000000,1313,Dimethyl sulfoxide,CS(=O)C,CHERRY580X384,0,2937,22258,0,1.80479,SAPPHIRE405X384,0,5792,73431.5,0,2.42218,VENUS500X384,0,1678,4494,0.382832,7.84634,1993,1435,0,0
3443,M,20,201000000000,1313,Dimethyl sulfoxide,CS(=O)C,CHERRY580X384,0,3204,21800,0,1.83334,SAPPHIRE405X384,0,5818,74664,0,2.43092,VENUS500X384,0,1680,4586,0,7.99407,1993,1435,0,0
3443,M,21,201000000000,1313,Dimethyl sulfoxide,CS(=O)C,CHERRY580X384,0,3208,22851,0,2.22336,SAPPHIRE405X384,0,5767,73839,0,2.56351,VENUS500X384,0,1742,4630,0.718257,7.75428,1993,1435,0,0
3443,N,2,201000000000,1313,Dimethyl sulfoxide,CS(=O)C,CHERRY580X384,0,3336,23903,0,2.28471,SAPPHIRE405X384,0,5650,75290,0,2.40614,VENUS500X384,0,1765,4570,0.831964,7.54979,1993,1435,0,0
3443,N,3,201000000000,1313,Dimethyl sulfoxide,CS(=O)C,CHERRY580X384,0,2625,22110,0,1.99134,SAPPHIRE405X384,0,5667,75430,0,2.38085,VENUS500X384,0,1722,4561,0.749135,7.6815,1993,1435,0,0
3443,N,4,201000000000,1313,Dimethyl sulfoxide,CS(=O)C,CHERRY580X384,0,2636,22398,0,2.02683,SAPPHIRE405X384,0,5699,74829.5,0,2.43183,VENUS500X384,0,1746,4560,1.21892,7.29046,1993,1435,0,0
3443,N,10,201000000000,1313,Dimethyl sulfoxide,CS(=O)C,CHERRY580X384,0,2838,22927.5,0,2.12737,SAPPHIRE405X384,0,5676,75270.5,0,2.41867,VENUS500X384,0,1724,4537.5,0.683959,7.80768,1993,1435,0,0
3443,N,11,201000000000,1313,Dimethyl sulfoxide,CS(=O)C,CHERRY580X384,0,2743,22263.5,0,2.11168,SAPPHIRE405X384,0,5737,74036.5,0,2.43604,VENUS500X384,0,1748,4497,0.663809,7.99299,1993,1435,0,0
3443,N,12,201000000000,1313,Dimethyl sulfoxide,CS(=O)C,CHERRY580X384,0,2905,22675,0,1.94227,SAPPHIRE405X384,0,5668,74282,0,2.5955,VENUS500X384,0,1709,4518,0.645606,7.87241,1993,1435,0,0
3443,N,18,201000000000,1313,Dimethyl sulfoxide,CS(=O)C,CHERRY580X384,0,2688,23036,0,1.76208,SAPPHIRE405X384,0,5687,73060,0,2.43538,VENUS500X384,0,1676,4480,0.63706,7.71758,1993,1435,0,0
3443,N,19,201000000000,1313,Dimethyl sulfoxide,CS(=O)C,CHERRY580X384,0,2861,21609,0,2.11603,SAPPHIRE405X384,0,5712,73848,0,2.41594,VENUS500X384,0,1687,4599,1.15398,7.17785,1993,1435,0,0
3443,N,20,201000000000,1313,Dimethyl sulfoxide,CS(=O)C,CHERRY580X384,0,2768,22038.5,0,2.06245,SAPPHIRE405X384,0,5804,73695,0,2.43863,VENUS500X384,0,1717,4493,0.645273,7.80157,1993,1435,0,0
3443,O,1,201000000000,1313,Dimethyl sulfoxide,CS(=O)C,CHERRY580X384,0,2892,24128,0,1.91712,SAPPHIRE405X384,0,5885,81130,0,2.40808,VENUS500X384,0,1674,4651.5,1.19697,6.89185,1993,1435,0,0
3443,O,2,201000000000,1313,Dimethyl sulfoxide,CS(=O)C,CHERRY580X384,0,2641,24089,0,1.96223,SAPPHIRE405X384,0,5907,77411.5,0,2.44568,VENUS500X384,0,1708,4647.5,1.07586,7.00034,1993,1435,0,0
3443,O,3,201000000000,1313,Dimethyl sulfoxide,CS(=O)C,CHERRY580X384,0,2624,23688,0,2.37508,SAPPHIRE405X384,0,5784,77640,0,2.39315,VENUS500X384,0,1720,4589,1.16389,7.05762,1993,1435,0,0
3443,O,9,201000000000,1313,Dimethyl sulfoxide,CS(=O)C,CHERRY580X384,0,2577,23646,0,1.72241,SAPPHIRE405X384,0,5608,75851,0,2.56289,VENUS500X384,0,1651,4483.5,0.709626,7.44135,1993,1435,0,0
3443,O,10,201000000000,1313,Dimethyl sulfoxide,CS(=O)C,CHERRY580X384,0,2624,24285,0,1.99164,SAPPHIRE405X384,0,5837,77552,0,2.61493,VENUS500X384,0,1736,4558,1.2387,7.00229,1993,1435,0,0
3443,O,11,201000000000,1313,Dimethyl sulfoxide,CS(=O)C,CHERRY580X384,0,2880,24771,0,1.9356,SAPPHIRE405X384,0,5721,77655.5,0,2.40392,VENUS500X384,0,1656,4577.5,0.879487,6.95117,1993,1435,0,0
3443,O,17,201000000000,1313,Dimethyl sulfoxide,CS(=O)C,CHERRY580X384,0,2933,22967,0,2.10532,SAPPHIRE405X384,0,5560,74277,0,2.42459,VENUS500X384,0,1633,4411.5,0,8.19554,1993,1435,0,0
3443,O,18,201000000000,1313,Dimethyl sulfoxide,CS(=O)C,CHERRY580X384,0,3207,22344,0,2.26238,SAPPHIRE405X384,0,5800,75676,0,2.44174,VENUS500X384,0,1688,4497.5,1.19765,7.25098,1993,1435,0,0
3443,O,19,201000000000,1313,Dimethyl sulfoxide,CS(=O)C,CHERRY580X384,0,2548,23121.5,0,1.7433,SAPPHIRE405X384,0,5737,74621,0,2.4352,VENUS500X384,0,1636,4470,0.609953,7.38043,1993,1435,0,0
3443,P,1,201000000000,1313,Dimethyl sulfoxide,CS(=O)C,CHERRY580X384,0,3030,26291.5,0,2.06104,SAPPHIRE405X384,0,5824,81159,0,2.5597,VENUS500X384,0,1640,4677,0.36892,7.33203,1993,1435,0,0
3443,P,2,201000000000,1313,Dimethyl sulfoxide,CS(=O)C,CHERRY580X384,0,2903,24703.5,0,1.84883,SAPPHIRE405X384,0,5820,81088.5,0,2.3944,VENUS500X384,0,1688,4653.5,1.10553,7.0945,1993,1435,0,0
3443,P,8,201000000000,1313,Dimethyl sulfoxide,CS(=O)C,CHERRY580X384,0,2826,24094,0,1.79204,SAPPHIRE405X384,0,5709,78004,0,2.42176,VENUS500X384,0,1591,4462.5,0.662367,7.45526,1993,1435,0,0
3443,P,9,201000000000,1313,Dimethyl sulfoxide,CS(=O)C,CHERRY580X384,0,2565,25732,0,1.67838,SAPPHIRE405X384,0,5708,80512,0,2.40218,VENUS500X384,0,1713,4553,1.80711,6.73789,1993,1435,0,0
3443,P,10,201000000000,1313,Dimethyl sulfoxide,CS(=O)C,CHERRY580X384,0,2919,24537,0,1.93169,SAPPHIRE405X384,0,5950,80025,0,2.44541,VENUS500X384,0,1731,4651,0.800192,7.25068,1993,1435,0,0
3443,P,16,201000000000,1313,Dimethyl sulfoxide,CS(=O)C,CHERRY580X384,0,2704,24722,0,1.9802,SAPPHIRE405X384,0,5723,78566.5,0,2.40618,VENUS500X384,0,1698,4520,0.915322,7.46832,1993,1435,0,0
3443,P,17,201000000000,1313,Dimethyl sulfoxide,CS(=O)C,CHERRY580X384,0,2741,24940,0,2.04544,SAPPHIRE405X384,0,5622,79045,0,2.42323,VENUS500X384,0,1543,4468.5,0.575871,7.08428,1993,1435,0,0
3443,P,18,201000000000,1313,Dimethyl sulfoxide,CS(=O)C,CHERRY580X384,0,2689,24830,0,1.94695,SAPPHIRE405X384,0,5722,79348,0,2.4268,VENUS500X384,0,1673,4603.5,0.582854,7.44647,1993,1435,0,0
3443,P,24,201000000000,1313,Dimethyl sulfoxide,CS(=O)C,CHERRY580X384,0,2740,25973,0,1.94695,SAPPHIRE405X384,0,5924,82889.5,0,2.38696,VENUS500X384,0,1744,4808.5,0.844103,7.53167,1993,1435,0,0
